project_age_days,num_subscribers,num_issues,project_size(kB),num_contributors
0.086552217453505,0.0321687541199736,0.0895938711607343,0.0397109953892356,0.9958246346555324
0.8426323319027181,0.0023731048121292,0.0594624833919955,0.0145170079193697,0.1774530271398747
0.1405579399141631,0.0015820698747528,0.0078475249217189,0.0021607252615707,0.068893528183716
0.7415951359084406,0.0022412656558998,0.0001320870531378,0.0042351004613067,0.0125260960334029
0.42310443490701,0.0576137112722478,0.0486468846880026,0.0057918687189581,0.6137787056367432
0.0878040057224606,0.0003955174686882,0.004366642580204,0.0007980390476624,0.0041753653444676
0.5929899856938483,0.0762030323005932,0.0184300288260568,0.2499612247103284,0.173277661795407
0.4924892703862661,0.0945286750164799,0.5346417721420634,0.0770614268023684,0.7473903966597076
0.43987330432539673,0.03599313229192527,0.03727904662351664,0.023168858504505237,0.40147909849943364
0.5248569384835479,0.002636783124588,0.0015151161977576,0.0002842150606679,0.0501043841336116
0.4454577968526466,0.0073829927488464,0.0064334164704785,0.0001301007598312,0.2150313152400834
0.3884120171673819,0.0007910349373764,0.0004739594259652,3.0428117027524943e-05,0.0417536534446764
0.4164289841209013,0.03190335033122923,0.03375545027978728,0.018885940528336004,0.4099598360948873
0.3746423462088697,0.0399472643375082,0.1032687660738288,0.0914759659816941,0.9478079331941544
0.49105497677989224,0.006312373261513046,0.01503320995578714,0.00480338571810099,0.8229410973182205
0.0436337625178826,0.1179960448253131,0.0119033744357163,0.0271084916979761,0.2254697286012525
0.8513948497854077,0.0036914963744232,0.002835986729136,0.0003699072172697,0.1795407098121085
0.1976037195994277,0.0050098879367172,0.0473804029432103,0.0247520396295796,0.5156576200417536
0.6056866952789699,0.0009228740936058,0.0187408218922635,0.0079114749034647,0.091858037578288
0.4304363376251788,0.0011865524060646,0.0063867975105475,0.0024595787136735,0.0375782881002087
0.4261854378309978,0.020150560112279232,0.1043205945105401,0.0199037500973777,0.5847160767728202
0.4071888412017167,0.0009228740936058,0.0156251214035414,0.0005233636128734,0.0751565762004175
0.7256795422031473,0.0096242584047462,0.0135505776866118,0.0101424315486612,0.3444676409185803
0.4766091036841041,0.030590367414564855,0.03372268520530462,0.01937193497184408,0.4243231655450771
0.33058907040432767,0.016392988310850266,0.03943975905180637,0.006556701852423319,0.47138383540352913
0.8444206008583691,0.0176664469347396,0.0046618959931003,0.0003398080528587,0.2275574112734864
0.3413805436337625,0.0897824653922214,0.0567896630226179,0.0040454592778865,0.9728601252609602
0.849964234620887,0.0077785102175346,0.0077620568285121,0.0001916148991192,0.3048016701461378
0.775035765379113,0.0123928806855636,0.006083774270996,0.0002409577915963,0.1753653444676408
0.480865522174535,0.0030323005932762,0.0129678406874742,0.0026521804706423,0.127348643006263
0.5008941344778255,0.0054054054054054,0.016161239442748,0.0034987400292405,0.2129436325678496
0.6763233190271817,0.0010547132498352,0.0017249015174471,0.0098988421361327,0.0208768267223382
0.6321530758226037,0.0214897824653922,0.0605191798170982,0.0104370086167493,0.720250521920668
0.5686695278969957,0.0558998022412656,0.0382741661033542,0.0018177921588551,0.2484342379958246
0.7297184011672146,0.07093557258519129,0.06621029529030509,0.004113735220378122,0.8647661600182888
0.3966380543633762,0.0063282794990112,0.0108622176639239,0.0004036248604624,0.1920668058455114
0.3209942775393419,0.0102834541858932,0.0371397714116998,0.0152981059072817,0.4217118997912317
0.5912160996640257,0.003133394165922393,0.006147652192129245,0.00013171577465582323,0.10100378615197461
0.8739270386266095,0.0122610415293342,0.0091994747597181,0.0041262171452406,0.2526096033402922
0.8093705293276109,0.0183256427158866,0.0223460214602612,0.0076853199796115,0.4613778705636743
0.2984620886981401,0.0015820698747528,0.0045686580732383,0.0043400363459745,0.0751565762004175
0.1407367668097282,0.000659195781147,0.0016005842909644,0.0007181035618495,0.0271398747390396
0.4093347639484978,0.0027686222808174,0.0044831899800315,0.0002027992880807,0.0626304801670146
0.6552217453505007,0.0201713909030982,0.0077542870018569,0.0016770004389872,0.2045929018789143
0.6076537911301859,0.001318391562294,0.0023775669564812,0.0001133241763889,0.0271398747390396
0.3642703862660944,0.05273566249176,0.0744660186631236,0.0415475378472321,0.801670146137787
0.5793991416309012,0.00659195781147,0.0062003216708235,0.0514332218787043,0.0605427974947807
0.8129470672389127,0.020435069215557,0.0012509420914819,0.0001889832781871,0.1022964509394571
0.8792918454935622,0.0787079762689518,0.2145326837758249,0.0245566417753704,0.9018789144050104
0.69241773962804,0.0154251812788398,0.0275595751458784,0.0044142151609984,0.2505219206680584
0.8331612819679638,0.01987625012822595,0.07396580001866693,0.010418382455852072,0.3592909749609104
0.455829756795422,0.0029004614370468,0.0007692128388615,0.0003133273672293,0.0313152400835073
0.4408082975679542,0.0122610415293342,0.0160835411761963,0.0005528048720514,0.37160751565762
0.8048998569384835,0.0071193144363876,0.0064411862971337,0.0001347060964623,0.0751565762004175
0.4797925608011445,0.0623599208965062,0.3740083758731342,0.072405924897157,0.8663883089770354
0.3485336194563662,0.1483190507580751,0.2641585666223786,0.0413312515018742,0.8977035490605427
0.6900929899856938,0.017139090309822,0.0918315812374225,0.0093284382990978,0.6075156576200417
0.6092632331902718,0.0031641397495056,0.0021211626768606,0.0027296488118313,0.0542797494780793
0.9166666666666666,0.082399472643375,0.0494704863134503,0.0103453953130502,0.8392484342379958
0.6430615164520743,0.0258404746209624,0.0141721638190251,0.0077386103034867,0.1899791231732776
0.5221745350500715,0.0035596572181938,0.0018725282238953,0.0006213914925945,0.1189979123173277
0.3592100675146297,0.02192170484500059,0.025155654525958866,0.008432921444296287,0.4306581806406544
0.1228540772532189,0.0001318391562294,0.0,0.0022062851989579,0.0
0.905758226037196,0.0064601186552406,0.0026106617561362,0.0001634894504073,0.0897703549060542
0.5104711164252212,0.011192297134738287,0.028971937006701066,0.006899877133932187,0.8087742062826412
0.7845135908440629,0.011206328279499,0.0115770417161993,0.0011314325244991,0.3089770354906054
0.6384120171673819,0.0027686222808174,0.0041024684739283,0.0007095507938202,0.0751565762004175
0.580829756795422,0.00659195781147,0.0169693014148854,0.0008860338725798,0.5156576200417536
0.9737124463519312,0.4179301252471984,0.0418172070581105,0.0056607811012774,0.6116910229645094
0.26868549835290145,0.002712651129881489,0.01807720468949517,0.006235361036455795,0.09789436319683603
0.6825822603719599,0.1762689518787079,0.9999999999999998,0.1090749309651815,0.8538622129436325
0.7825464949928469,0.0087013843111404,0.0068374474565472,0.0002180955847486,0.2212943632567849
0.5793991416309012,0.011206328279499,0.0790890655229481,0.0229140168848088,0.3674321503131524
0.5872675250357654,0.0025049439683586,0.0026184315827913,0.0001162847499376,0.0730688935281837
0.4434155008821714,0.02213152337397596,0.024882644790559398,0.010008036858355013,0.3823017125842314
0.4579756795422031,0.0036914963744232,0.0136205061265083,0.0076563721493583,0.1774530271398747
0.9157725321888412,0.2338826631509558,0.0500920724458637,0.0043768790390241,0.7807933194154488
0.7934549356223176,0.0193803559657218,0.020248168263366,0.0033416651548552,0.4613778705636743
0.4917739628040056,0.0,3.884913327583661e-05,0.0,0.0062630480167014
0.5204712598509198,0.0032377612827219735,0.0008496026919439254,0.0007367647789779134,0.01367120306049807
0.6554005722460657,0.0029004614370468,0.0076221999487191,0.0005197451340917,0.1231732776617954
0.7188841201716738,0.0119973632168754,0.0092694031996146,0.0269251006142696,0.2129436325678496
0.5142683866996,0.03974036314671422,0.13049912334063768,0.04487730101186389,0.7558074899808207
0.6346856830463196,0.004548511013451512,0.0031196366572381388,0.0015433504846877506,0.0629023726631299
0.5958512160228898,0.0018457481872116,0.0079718421482016,0.0001490155352807,0.0939457202505219
0.4393776824034334,0.00659195781147,0.0086089679339253,0.0016916388304221,0.1064718162839248
0.7290772532188841,0.044166117336849,0.0392065453019743,0.0090503088618354,0.5198329853862212
0.2637696709585121,0.0017139090309822,0.0079951516281671,0.000532738762444,0.1419624217118997
0.165414878397711,0.0025049439683586,0.0088653722135459,0.0005131660817615,0.104384133611691
0.3319027181688125,0.003295978905735,0.0012742515714474,6.85866205431238e-05,0.0542797494780793
0.3129470672389127,0.0010547132498352,0.000512808559241,3.602031150825926e-05,0.022964509394572
0.7415951359084406,0.0295319709953856,0.0119266839156818,0.0031822876121543,0.3444676409185803
0.6257153075822603,0.0088332234673698,0.0007536731855512,0.0035505500663415,0.0334029227557411
0.4695994277539341,0.0090969017798286,0.0146072741117145,0.0038707854385176,0.1691022964509394
0.646944211247188,0.024030367095168727,0.01212297073871025,0.005803171318950161,0.19464522304617243
0.7993562231759657,0.0661832564271588,0.0217477448078133,0.0070524151454389,0.3340292275574112
0.580829756795422,0.042847725774555,0.057535566381514,0.0066507640006756,0.778705636743215
0.7841559370529327,0.0126565589980224,0.0935797922348352,0.5066519975729876,0.6513569937369519
0.7326537911301859,0.0083058668424522,0.0076221999487191,0.0015163070858202,0.290187891440501
0.3488912732474964,0.001977587343441,0.0072958672292021,0.0007207351827816,0.081419624217119
0.6362660944206009,0.0084377059986816,0.0320971539124962,0.0093960380617914,0.231732776617954
0.2567954220314735,0.0029004614370468,0.0025018841829638,0.0002347076918825,0.0542797494780793
0.4316583886748652,0.014571894621093404,0.029605005788165356,0.019107486516386517,0.8812317650362373
0.3608726752503576,0.0096242584047462,0.0116158908494751,0.0037862446160736,0.1419624217118997
0.7217453505007153,0.017139090309822,0.0345757286154945,0.0081132873336959,0.336116910229645
0.8975321888412017,0.0146341463414634,0.0983038468411769,0.0760377262597775,0.4947807933194154
0.804005722460658,0.0180619644034278,0.0285385733044295,0.0105074044766832,0.5135699373695198
0.848175965665236,0.0419248516809492,0.1009145085973131,0.0117819313893659,0.8267223382045928
0.0895922746781116,0.0907053394858272,0.1820548083572255,0.0584698472985506,1.0
0.792633604903606,0.01911521163761463,0.04099780103140379,0.013211716880730426,0.7140449679415266
0.5886981402002861,0.0027686222808174,0.0054077993519964,0.0006513261806972,0.208768267223382
0.20688944890406474,0.003436964230331782,0.03574992669366485,0.014965310149937421,0.11153121267907955
0.635671233908325,0.0027135142566621427,0.0049414689413964565,0.00118633322092705,0.07573833592653806
0.5069742489270386,0.0532630191166776,0.0233017101388468,0.0016992047406019,0.6033402922755741
0.8013233190271817,0.0304548450889914,0.0611951547360978,0.0108473770058502,0.8204592901878913
0.5527539341917024,0.0075148319050758,0.0684599426586792,0.0450344355822782,0.6346555323590813
0.8060948715508045,0.020856047882749935,0.004618901448543305,0.0005327221714369122,0.16729217350505116
0.5447267991559327,0.03719089560609966,0.026492402051764636,0.0012454088134039184,0.2309645434342348
0.8841201716738197,0.2822676334871457,0.2263661297716447,0.0270451683192971,0.8517745302713987
0.92310443490701,0.0346736980883322,0.0752352315019851,0.0149857653979019,0.453027139874739
0.7131616595135908,0.0139749505603164,0.0118489856491301,0.0006011609066789,0.1356993736951983
0.621244635193133,0.2701384311140408,0.1463136057434558,0.0283863081368238,0.7745302713987473
